Sample,PP,Length,Width
hFF1,Acrylonitrile Butadiene Styrene 3. Light Blue LEGO,5.497,5.039
hFF1,"ALPEX CK-450, CYCLIZED RUBBER",35.159,18.712
hFF1,"ALPEX CK-450, CYCLIZED RUBBER",19.461,12.291
hFF1,"ALPEX CK-450, CYCLIZED RUBBER",25.607,14.34
hFF1,"ALPEX CK-450, CYCLIZED RUBBER",15.364,9.218
hFF1,"ALPEX CK-450, CYCLIZED RUBBER",16.021,10.257
hFF1,"ALPEX CK-450, CYCLIZED RUBBER",17.849,10.272
hFF1,"ALPEX CK-450, CYCLIZED RUBBER",9.218,8.194
hFF1,"ALPEX CK-450, CYCLIZED RUBBER",10.864,9.416
hFF1,"ALPEX CK-450, CYCLIZED RUBBER",10.188,7.026
hFF1,"ALPEX CK-450, CYCLIZED RUBBER",19.139,9.187
hFF1,"ALPEX CK-450, CYCLIZED RUBBER",10.11,7.666
hFF1,"ALPEX CK-450, CYCLIZED RUBBER",8.194,5.121
hFF1,"ALPEX CK-450, CYCLIZED RUBBER",10.078,5.955
hFF1,"ALPEX CK-450, CYCLIZED RUBBER",7.329,4.581
hFF1,"ALPEX CK-450, CYCLIZED RUBBER",7.17,3.073
hFF1,"ALPEX CK-450, CYCLIZED RUBBER",6.146,4.097
hFF1,Epichlorohydrin/Ethylene Oxide Copolymer,4.097,3.073
hFF1,"POLY(ETHYLENE:PROPYLENE:DIENE) (50% ETHYLENE, 4% DIENE) rubber",5.497,3.665
hFF1,POLY(TRIMETHYLPENTYLEN SEBACATE),23.69,19.087
hFF1,POLY[(ACRYLIC ACID):(BUTYL ACRYLATE):(METHACRYL AMIDE):STYRENE],13.604,8.422
hFF1,POLY[(ACRYLIC ACID):(BUTYL ACRYLATE):(METHACRYL AMIDE):STYRENE],10.227,2.557
hFF1,POLYALKYLBENZENE,18.018,8.925
hFF1,POLYETHYLENEIMINE,4.346,2.173
hFF1,Polypropylene 10. Black Battery Holder,8.194,5.121
hFF1,Polypropylene 10. Black Battery Holder,7.774,7.126
hFF1,Polypropylene 10. Black Battery Holder,10.221,5.333
hFF1,Polypropylene 5. White Food Wrapper,48.188,38.464
hFF1,Polypropylene 5. White Food Wrapper,20.489,12.856
hFF1,Polypropylene 5. White Food Wrapper,11.91,7.329
hFF1,Polypropylene 5. White Food Wrapper,8.559,6.847
hFF1,Polypropylene 8. White Bottle Cap,13.504,4.184
hFF1,Polypropylene 8. White Bottle Cap,5.962,3.975
hFF1,Polypropylene Isotactic Chlorinated 32% Chlorine,3.621,2.897
hFF1,POLYPROPYLENE WITH 20% TALC,20.948,12.226
hFF1,POLYSORBATE 80 STANDARD,9.218,6.146
hFF1,Polystyrene 11. Orange Printer Cartridge,4.346,2.173
hFF1,POLYSTYRENE HIGH IMPACT,10.243,8.194
hFF1,POLYSTYRENE HIGH IMPACT,7.967,5.794
hFF1,POLYSTYRENE HIGH IMPACT,9.619,4.123
hFF1,POLYSTYRENE HIGH IMPACT,10.536,4.123
hFF1,"Polystyrene, 98% syndiotactic",8.559,6.847
hFF1,Polyvinyl Chloride 21. Green Slinky Toy,25.513,18.416
hFF1,Polyvinyl Chloride 21. Green Slinky Toy,10.002,5.715
hFF1,Polyvinyl Chloride 21. Green Slinky Toy,6.518,6.518
hFF1,Polyvinyl Chloride 21. Green Slinky Toy,4.097,3.073
hFF1,Polyvinyl Chloride 26. White Railcard,39.218,8.801
hFF1,Polyvinyl Chloride 8a. White Cable Cover,15.364,13.316
hFF1,Polyvinyl Chloride 8a. White Cable Cover,7.204,3.975
hFF2,Polyethylene 6. White Microsphere,27.058,10.375
hFF2,POLYOXYETHYLENE(20) SORBITAN MONOPALMITATE,15.197,10.131
hFF2,Polyvinyl Chloride 21. Green Slinky Toy,10.053,6.786
hFF2,Polyvinyl Chloride 21. Green Slinky Toy,5.066,3.039
hFF2,Polyvinyl Chloride 26. White Railcard,12.771,5.986
hFF2,"ALPEX CK-450, CYCLIZED RUBBER",13.207,6.744
hFF2,"ALPEX CK-450, CYCLIZED RUBBER",9.118,9.118
hFF2,"ALPEX CK-450, CYCLIZED RUBBER",5.066,4.053
hFF2,"ALPEX CK-450, CYCLIZED RUBBER",7.617,4.914
hFF2,"ALPEX CK-450, CYCLIZED RUBBER",6.603,5.039
hFF3,Polyurethane 7. Yellow Foam Packaging,14.341,9.159
hFF3,Polyvinyl Chloride 21. Green Slinky Toy,10.177,5.687
hFF4,"1,4-BUTANEDIAMINE",31.118,16.088
hFF4,"1,4-BUTANEDIAMINE",10.685,5.343
hFF4,"1,4-BUTANEDIAMINE",9.172,2.896
hFF4,Acrylonitrile Butadiene Styrene 1. Orange LEGO,27.736,16.306
hFF4,Acrylonitrile Butadiene Styrene 1. Orange LEGO,12.189,6.945
hFF4,Acrylonitrile Butadiene Styrene 14. White Refrigerator Lining,12.066,7.197
hFF4,Acrylonitrile Butadiene Styrene 2. Red LEGO,19.581,10.107
hFF4,Acrylonitrile Butadiene Styrene 2. Red LEGO,5.31,4.344
hFF4,Acrylonitrile Butadiene Styrene 3. Light Blue LEGO,22.559,11.558
hFF4,Acrylonitrile Butadiene Styrene 3. Light Blue LEGO,10.362,5.181
hFF4,Acrylonitrile Butadiene Styrene 3. Light Blue LEGO,9.879,5.987
hFF4,Acrylonitrile Butadiene Styrene 3. Light Blue LEGO,12.047,2.268
hFF4,Acrylonitrile Butadiene Styrene 3. Light Blue LEGO,9.172,2.896
hFF4,Acrylonitrile Butadiene Styrene 3. Light Blue LEGO,8.256,6.562
hFF4,Acrylonitrile Butadiene Styrene 3. Light Blue LEGO,6.106,2.29
hFF4,Acrylonitrile Butadiene Styrene 3. Light Blue LEGO,3.816,1.526
hFF4,"ALPEX CK-450, CYCLIZED RUBBER",11.648,6.962
hFF4,"ALPEX CK-450, CYCLIZED RUBBER",8.635,7.556
hFF4,"ALPEX CK-450, CYCLIZED RUBBER",12.212,6.869
hFF4,"ALPEX CK-450, CYCLIZED RUBBER",20.139,9.899
hFF4,"ALPEX CK-450, CYCLIZED RUBBER",11.675,6.885
hFF4,"ALPEX CK-450, CYCLIZED RUBBER",8.635,5.397
hFF4,"ALPEX CK-450, CYCLIZED RUBBER",7.938,6.106
hFF4,"ALPEX CK-450, CYCLIZED RUBBER",5.397,4.318
hFF4,"ALPEX CK-450, CYCLIZED RUBBER",5.397,5.397
hFF4,"ALPEX CK-450, CYCLIZED RUBBER",5.397,4.318
hFF4,"ALPEX CK-450, CYCLIZED RUBBER",11.449,3.816
hFF4,"ALPEX CK-450, CYCLIZED RUBBER",9.159,3.053
hFF4,"ALPEX CK-450, CYCLIZED RUBBER",4.318,4.318
hFF4,"ALPEX CK-450, CYCLIZED RUBBER",5.715,5.715
hFF4,"ALPEX CK-450, CYCLIZED RUBBER",7.723,3.862
hFF4,"ALPEX CK-450, CYCLIZED RUBBER",3.238,3.238
hFF4,"ALPEX CK-450, CYCLIZED RUBBER",2.896,2.896
hFF4,COLOR MASTERBATCH POLY[ETHYLENE-CO-(VINYL ACETATE)] + 45% YELLOW PIGMENT #3,7.168,6.827
hFF4,COLOR MASTERBATCH POLYPROPYLENE + 70% WHITE PIGMENT,6.476,6.476
hFF4,COLOR MASTERBATCH POLYPROPYLENE + 70% WHITE PIGMENT,5.793,3.379
hFF4,COLOR MASTERBATCH POLYPROPYLENE + 70% WHITE PIGMENT,9.496,3.968
hFF4,COLOR MASTERBATCH POLYPROPYLENE + 70% WHITE PIGMENT,7.219,2.777
hFF4,COLOR MASTERBATCH POLYPROPYLENE + WHITE PIGMENT,11.585,4.344
hFF4,"DUTRAL PMX 9705, COPOLYMER EPDM TYPE",21.792,11.336
hFF4,"DUTRAL PMX 9705, COPOLYMER EPDM TYPE",11.885,5.39
hFF4,"DUTRAL PMX 9705, COPOLYMER EPDM TYPE",5.31,3.379
hFF4,"DUTRAL PMX 9705, COPOLYMER EPDM TYPE",8.635,4.318
hFF4,"KELTAN 314, COPOLYMER EPDM TYPE",34.612,16.643
hFF4,"KELTAN 314, COPOLYMER EPDM TYPE",20.508,18.35
hFF4,"KELTAN 314, COPOLYMER EPDM TYPE",33.461,15.111
hFF4,"KELTAN 314, COPOLYMER EPDM TYPE",24.234,16.043
hFF4,"KELTAN 314, COPOLYMER EPDM TYPE",24.791,8.056
hFF4,"KELTAN 314, COPOLYMER EPDM TYPE",18.565,10.146
hFF4,"KELTAN 314, COPOLYMER EPDM TYPE",16.724,8.504
hFF4,"KELTAN 314, COPOLYMER EPDM TYPE",14.481,5.31
hFF4,"KELTAN 314, COPOLYMER EPDM TYPE",11.102,5.793
hFF4,"KELTAN 314, COPOLYMER EPDM TYPE",6.758,5.793
hFF4,"KELTAN 314, COPOLYMER EPDM TYPE",9.714,3.238
hFF4,"KELTAN 314, COPOLYMER EPDM TYPE",5.397,4.318
hFF4,"KELTAN 314, COPOLYMER EPDM TYPE",4.318,4.318
hFF4,"KELTAN 314, COPOLYMER EPDM TYPE",7.632,3.053
hFF4,"KELTAN 314, COPOLYMER EPDM TYPE",5.343,3.053
hFF4,"KELTAN 314, COPOLYMER EPDM TYPE",4.579,3.816
hFF4,"KELTAN 314, COPOLYMER EPDM TYPE",3.816,2.29
hFF4,"KELTAN 314, COPOLYMER EPDM TYPE",4.45,2.88
hFF4,"KELTAN 314, COPOLYMER EPDM TYPE",4.318,3.238
hFF4,"KELTAN 314, COPOLYMER EPDM TYPE",5.089,2.096
hFF4,"KELTAN 314, COPOLYMER EPDM TYPE",3.816,2.29
hFF4,"KELTAN 314, COPOLYMER EPDM TYPE",9.238,3.213
hFF4,"KELTAN 314, COPOLYMER EPDM TYPE",7.632,2.748
hFF4,"KELTAN 314, COPOLYMER EPDM TYPE",4.712,4.45
hFF4,"KELTAN 512, COPOLYMER EPDM TYPE",21.38,14.606
hFF4,"KELTAN 512, COPOLYMER EPDM TYPE",10.794,8.635
hFF4,"KELTAN 512, COPOLYMER EPDM TYPE",15.111,5.397
hFF4,"KELTAN 512, COPOLYMER EPDM TYPE",9.913,4.392
hFF4,"KELTAN 512, COPOLYMER EPDM TYPE",7.854,5.236
hFF4,"KELTAN 512, COPOLYMER EPDM TYPE",9.489,4.893
hFF4,"KELTAN 512, COPOLYMER EPDM TYPE",8.362,4.535
hFF4,"KELTAN 512, COPOLYMER EPDM TYPE",6.476,6.476
hFF4,"KELTAN 512, COPOLYMER EPDM TYPE",3.816,3.816
hFF4,"KELTAN 512, COPOLYMER EPDM TYPE",8.787,4.535
hFF4,"KELTAN 512, COPOLYMER EPDM TYPE",6.144,3.755
hFF4,"KELTAN 512, COPOLYMER EPDM TYPE",8.206,3.379
hFF4,"KELTAN 512, COPOLYMER EPDM TYPE",4.318,3.238
hFF4,"KELTAN 512, COPOLYMER EPDM TYPE",6.214,2.806
hFF4,"KELTAN 512, COPOLYMER EPDM TYPE",6.106,3.816
hFF4,"KELTAN 512, COPOLYMER EPDM TYPE",5.397,3.238
hFF4,"KELTAN 512, COPOLYMER EPDM TYPE",3.053,2.29
hFF4,"LEVAFLEX EP-390, POLYPROPYLENE BASED",47.734,18.632
hFF4,"LEVAFLEX EP-390, POLYPROPYLENE BASED",10.995,4.974
hFF4,"LEVAFLEX EP-390, POLYPROPYLENE BASED",14.677,6.144
hFF4,NEOCRYL XK-205,15.265,6.869
hFF4,NEOCRYL XK-205,5.397,3.238
hFF4,NEOREZ R 2020,30.063,8.023
hFF4,NEOREZ R 2020,14.806,7.779
hFF4,NEOREZ R 2020,7.775,7.59
hFF4,NEOREZ R 2020,8.303,3.262
hFF4,NEOREZ R 2020,9.424,4.45
hFF4,NEOREZ R 2020,6.815,3.407
hFF4,NEOREZ R 2020,3.755,2.731
hFF4,NEOREZ R 2020,5.343,2.29
hFF4,NYLON 11,3.053,2.29
hFF4,"NYLON 6,10",8.206,3.379
hFF4,"NYLON 6,10",5.397,3.238
hFF4,"NYLON 6,9",49.148,20.68
hFF4,"NYLON 6,9",20.757,11.585
hFF4,"NYLON 6,9",14.032,9.714
hFF4,"NYLON 6,9",12.953,10.794
hFF4,"NYLON 6,9",10.181,8.145
hFF4,"NYLON 6,9",8.7,3.517
hFF4,"NYLON 6,9",9.714,4.318
hFF4,"NYLON 6,9",6.869,3.053
hFF4,"NYLON 6,9",6.106,2.29
hFF4,OLEFIN FILM,8.206,3.379
hFF4,OLEFIN FILM,5.397,3.238
hFF4,POLY(1-BUTENE),19.332,12.674
hFF4,POLY(1-BUTENE),13.538,8.804
hFF4,POLY(1-BUTENE),10.794,4.318
hFF4,POLY(1-BUTENE),7.784,2.694
hFF4,POLY(1-BUTENE),6.214,2.606
hFF4,Poly(acrylonitrile-co-butadiene-co-styrene) Acrylonitrile 25%,6.476,5.397
hFF4,Poly(acrylonitrile-co-butadiene-co-styrene) Acrylonitrile 25%,7.858,2.52
hFF4,Poly(butylene terephthalate),24.826,7.556
hFF4,Poly(butylene terephthalate),6.476,5.397
hFF4,Poly(Ethylene-co-Ethyl Acrylate) 80:20,20.957,11.849
hFF4,Poly(Ethylene-co-Ethyl Acrylate) 80:20,15.665,3.664
hFF4,Poly(Ethylene-co-Ethyl Acrylate) 80:20,5.793,2.896
hFF4,POLY(NEOPENTYLENE TEREPHTHALATE),5.793,5.31
hFF4,POLY(NEOPENTYLENE TEREPHTHALATE),3.238,3.238
hFF4,POLY(STYRENE-ETHYLENE-BUTYLENE),34.809,29.32
hFF4,POLY(STYRENE-ETHYLENE-BUTYLENE),34.949,21.239
hFF4,POLY(STYRENE-ETHYLENE-BUTYLENE),29.354,15.701
hFF4,POLY(STYRENE-ETHYLENE-BUTYLENE),26.522,17.206
hFF4,POLY(STYRENE-ETHYLENE-BUTYLENE),20.754,9.614
hFF4,POLY(STYRENE-ETHYLENE-BUTYLENE),15.111,12.953
hFF4,POLY(STYRENE-ETHYLENE-BUTYLENE),15.793,9.227
hFF4,POLY(STYRENE-ETHYLENE-BUTYLENE),14.032,12.953
hFF4,POLY(STYRENE-ETHYLENE-BUTYLENE),13.738,9.159
hFF4,POLY(STYRENE-ETHYLENE-BUTYLENE),18.35,7.556
hFF4,POLY(STYRENE-ETHYLENE-BUTYLENE),10.503,7.325
hFF4,POLY(STYRENE-ETHYLENE-BUTYLENE),8.635,7.556
hFF4,POLY(STYRENE-ETHYLENE-BUTYLENE),10.488,10.488
hFF4,POLY(STYRENE-ETHYLENE-BUTYLENE),10.451,9.777
hFF4,POLY(STYRENE-ETHYLENE-BUTYLENE),13.124,5.927
hFF4,POLY(STYRENE-ETHYLENE-BUTYLENE),12.489,5.927
hFF4,POLY(STYRENE-ETHYLENE-BUTYLENE),20.164,8.748
hFF4,POLY(STYRENE-ETHYLENE-BUTYLENE),12.227,7.216
hFF4,POLY(STYRENE-ETHYLENE-BUTYLENE),16.043,6.144
hFF4,POLY(STYRENE-ETHYLENE-BUTYLENE),13.513,6.109
hFF4,POLY(STYRENE-ETHYLENE-BUTYLENE),11.544,7.654
hFF4,POLY(STYRENE-ETHYLENE-BUTYLENE),8.619,6.815
hFF4,POLY(STYRENE-ETHYLENE-BUTYLENE),9.714,4.318
hFF4,POLY(STYRENE-ETHYLENE-BUTYLENE),13.698,4.813
hFF4,POLY(STYRENE-ETHYLENE-BUTYLENE),7.851,6.144
hFF4,POLY(STYRENE-ETHYLENE-BUTYLENE),9.714,6.476
hFF4,POLY(STYRENE-ETHYLENE-BUTYLENE),9.216,4.779
hFF4,POLY(STYRENE-ETHYLENE-BUTYLENE),16.412,5.31
hFF4,POLY(STYRENE-ETHYLENE-BUTYLENE),11.605,6.827
hFF4,POLY(STYRENE-ETHYLENE-BUTYLENE),10.794,6.476
hFF4,POLY(STYRENE-ETHYLENE-BUTYLENE),11.947,4.437
hFF4,POLY(STYRENE-ETHYLENE-BUTYLENE),11.873,3.238
hFF4,POLY(STYRENE-ETHYLENE-BUTYLENE),7.772,6.476
hFF4,POLY(STYRENE-ETHYLENE-BUTYLENE),10.62,9.172
hFF4,POLY(STYRENE-ETHYLENE-BUTYLENE),10.844,3.079
hFF4,POLY(STYRENE-ETHYLENE-BUTYLENE),9.121,4.284
hFF4,POLY(STYRENE-ETHYLENE-BUTYLENE),7.617,4.81
hFF4,POLY(STYRENE-ETHYLENE-BUTYLENE),8.682,8.682
hFF4,POLY(STYRENE-ETHYLENE-BUTYLENE),11.873,3.238
hFF4,POLY(STYRENE-ETHYLENE-BUTYLENE),9.934,5.189
hFF4,POLY(STYRENE-ETHYLENE-BUTYLENE),15.019,4.053
hFF4,POLY(STYRENE-ETHYLENE-BUTYLENE),6.476,6.476
hFF4,POLY(STYRENE-ETHYLENE-BUTYLENE),7.851,4.096
hFF4,POLY(STYRENE-ETHYLENE-BUTYLENE),6.476,3.238
hFF4,POLY(STYRENE-ETHYLENE-BUTYLENE),8.854,4.121
hFF4,POLY(STYRENE-ETHYLENE-BUTYLENE),9.654,2.896
hFF4,POLY(STYRENE-ETHYLENE-BUTYLENE),7.556,5.397
hFF4,POLY(STYRENE-ETHYLENE-BUTYLENE),8.548,4.121
hFF4,POLY(STYRENE-ETHYLENE-BUTYLENE),6.908,3.022
hFF4,POLY(STYRENE-ETHYLENE-BUTYLENE),5.12,3.413
hFF4,POLY(STYRENE-ETHYLENE-BUTYLENE),6.144,3.755
hFF4,POLY(STYRENE-ETHYLENE-BUTYLENE),8.682,4.79
hFF4,POLY(STYRENE-ETHYLENE-BUTYLENE),6.758,5.793
hFF4,POLY(STYRENE-ETHYLENE-BUTYLENE),5.397,3.238
hFF4,POLY(STYRENE-ETHYLENE-BUTYLENE),7.808,3.904
hFF4,POLY(STYRENE-ETHYLENE-BUTYLENE),4.318,3.238
hFF4,POLY(STYRENE-ETHYLENE-BUTYLENE),6.885,4.191
hFF4,POLY(STYRENE-ETHYLENE-BUTYLENE),4.318,3.238
hFF4,POLY(STYRENE-ETHYLENE-BUTYLENE),4.318,3.238
hFF4,POLY(STYRENE-ETHYLENE-BUTYLENE),7.556,3.238
hFF4,POLY(STYRENE-ETHYLENE-BUTYLENE),6.476,3.238
hFF4,POLY(STYRENE-ETHYLENE-BUTYLENE),4.318,3.238
hFF4,POLY(STYRENE-ETHYLENE-BUTYLENE),6.26,4.102
hFF4,POLY(STYRENE-ETHYLENE-BUTYLENE),8.689,3.379
hFF4,POLY(STYRENE-ETHYLENE-BUTYLENE),6.275,2.896
hFF4,POLY(STYRENE-ETHYLENE-BUTYLENE),7.185,3.293
hFF4,POLY(STYRENE-ETHYLENE-BUTYLENE),10.733,3.403
hFF4,POLY(STYRENE-ETHYLENE-BUTYLENE),7.556,3.238
hFF4,POLY(STYRENE-ETHYLENE-BUTYLENE),6.476,3.238
hFF4,POLY(STYRENE-ETHYLENE-BUTYLENE),8.981,2.994
hFF4,POLY(STYRENE-ETHYLENE-BUTYLENE),7.185,2.694
hFF4,POLY(STYRENE-ETHYLENE-BUTYLENE),7.509,2.731
hFF4,POLY(STYRENE-ETHYLENE-BUTYLENE),6.476,3.238
hFF4,POLY(STYRENE-ETHYLENE-BUTYLENE),7.63,5.856
hFF4,POLY(STYRENE-ETHYLENE-BUTYLENE),4.318,3.238
hFF4,POLY(STYRENE-ETHYLENE-BUTYLENE),5.089,2.994
hFF4,POLY(STYRENE-ETHYLENE-BUTYLENE),5.498,3.665
hFF4,POLY(STYRENE-ETHYLENE-BUTYLENE),4.579,2.29
hFF4,POLY(STYRENE-ETHYLENE-BUTYLENE),5.343,2.29
hFF4,POLY(STYRENE-ETHYLENE-BUTYLENE),8.192,4.096
hFF4,POLY(STYRENE-ETHYLENE-BUTYLENE),5.31,2.896
hFF4,POLY(STYRENE-ETHYLENE-BUTYLENE),5.793,2.896
hFF4,POLY(STYRENE-ETHYLENE-BUTYLENE),5.343,3.053
hFF4,POLY(STYRENE-ETHYLENE-BUTYLENE),11.585,4.827
hFF4,POLY(STYRENE-ETHYLENE-BUTYLENE),7.241,2.896
hFF4,POLY(STYRENE-ETHYLENE-BUTYLENE),8.26,3.54
hFF4,POLY(STYRENE-ETHYLENE-BUTYLENE),3.816,2.29
hFF4,POLY(STYRENE-ETHYLENE-BUTYLENE),5.715,2.964
hFF4,POLY(STYRENE-ETHYLENE-BUTYLENE),5.397,3.238
hFF4,POLY(STYRENE-ETHYLENE-BUTYLENE),4.579,2.29
hFF4,POLY(STYRENE-ETHYLENE-BUTYLENE),5.397,3.238
hFF4,POLY(STYRENE-ETHYLENE-BUTYLENE),4.827,2.896
hFF4,POLY(STYRENE-ETHYLENE-BUTYLENE),4.491,2.096
hFF4,POLY(STYRENE-ETHYLENE-BUTYLENE),3.238,3.238
hFF4,POLY[(ACRYLIC ACID):(BUTYL ACRYLATE):(METHACRYL AMIDE):STYRENE],62.67,42.654
hFF4,POLY[(ACRYLIC ACID):(BUTYL ACRYLATE):(METHACRYL AMIDE):STYRENE],38.68,28.145
hFF4,POLY[(ACRYLIC ACID):(BUTYL ACRYLATE):(METHACRYL AMIDE):STYRENE],47.346,15.987
hFF4,POLY[(ACRYLIC ACID):(BUTYL ACRYLATE):(METHACRYL AMIDE):STYRENE],19.442,18.039
hFF4,POLY[(ACRYLIC ACID):(BUTYL ACRYLATE):(METHACRYL AMIDE):STYRENE],23.862,16.626
hFF4,POLY[(ACRYLIC ACID):(BUTYL ACRYLATE):(METHACRYL AMIDE):STYRENE],23.746,16.191
hFF4,POLY[(ACRYLIC ACID):(BUTYL ACRYLATE):(METHACRYL AMIDE):STYRENE],22.998,12.121
hFF4,POLY[(ACRYLIC ACID):(BUTYL ACRYLATE):(METHACRYL AMIDE):STYRENE],17.492,10.554
hFF4,POLY[(ACRYLIC ACID):(BUTYL ACRYLATE):(METHACRYL AMIDE):STYRENE],15.543,12.521
hFF4,POLY[(ACRYLIC ACID):(BUTYL ACRYLATE):(METHACRYL AMIDE):STYRENE],18.44,10.423
hFF4,POLY[(ACRYLIC ACID):(BUTYL ACRYLATE):(METHACRYL AMIDE):STYRENE],22.945,18.217
hFF4,POLY[(ACRYLIC ACID):(BUTYL ACRYLATE):(METHACRYL AMIDE):STYRENE],18.565,9.499
hFF4,POLY[(ACRYLIC ACID):(BUTYL ACRYLATE):(METHACRYL AMIDE):STYRENE],19.522,11.409
hFF4,POLY[(ACRYLIC ACID):(BUTYL ACRYLATE):(METHACRYL AMIDE):STYRENE],19.437,11.476
hFF4,POLY[(ACRYLIC ACID):(BUTYL ACRYLATE):(METHACRYL AMIDE):STYRENE],24.555,6.139
hFF4,POLY[(ACRYLIC ACID):(BUTYL ACRYLATE):(METHACRYL AMIDE):STYRENE],20.757,11.585
hFF4,POLY[(ACRYLIC ACID):(BUTYL ACRYLATE):(METHACRYL AMIDE):STYRENE],13.033,12.068
hFF4,POLY[(ACRYLIC ACID):(BUTYL ACRYLATE):(METHACRYL AMIDE):STYRENE],17.363,4.79
hFF4,POLY[(ACRYLIC ACID):(BUTYL ACRYLATE):(METHACRYL AMIDE):STYRENE],12.953,4.318
hFF4,POLY[(ACRYLIC ACID):(BUTYL ACRYLATE):(METHACRYL AMIDE):STYRENE],17.395,7.036
hFF4,POLY[(ACRYLIC ACID):(BUTYL ACRYLATE):(METHACRYL AMIDE):STYRENE],12.089,4.749
hFF4,POLY[(ACRYLIC ACID):(BUTYL ACRYLATE):(METHACRYL AMIDE):STYRENE],15.231,6.397
hFF4,POLY[(ACRYLIC ACID):(BUTYL ACRYLATE):(METHACRYL AMIDE):STYRENE],16.962,6.483
hFF4,POLY[(ACRYLIC ACID):(BUTYL ACRYLATE):(METHACRYL AMIDE):STYRENE],7.556,6.476
hFF4,POLY[(ACRYLIC ACID):(BUTYL ACRYLATE):(METHACRYL AMIDE):STYRENE],13.771,5.389
hFF4,POLY[(ACRYLIC ACID):(BUTYL ACRYLATE):(METHACRYL AMIDE):STYRENE],10.685,5.343
hFF4,POLY[(ACRYLIC ACID):(BUTYL ACRYLATE):(METHACRYL AMIDE):STYRENE],8.701,5.343
hFF4,POLY[(ACRYLIC ACID):(BUTYL ACRYLATE):(METHACRYL AMIDE):STYRENE],8.7,5.924
hFF4,POLY[(ACRYLIC ACID):(BUTYL ACRYLATE):(METHACRYL AMIDE):STYRENE],10.227,4.274
hFF4,POLY[(ACRYLIC ACID):(BUTYL ACRYLATE):(METHACRYL AMIDE):STYRENE],13.738,6.106
hFF4,POLY[(ACRYLIC ACID):(BUTYL ACRYLATE):(METHACRYL AMIDE):STYRENE],5.397,5.397
hFF4,POLY[(ACRYLIC ACID):(BUTYL ACRYLATE):(METHACRYL AMIDE):STYRENE],7.034,4.072
hFF4,POLY[(ACRYLIC ACID):(BUTYL ACRYLATE):(METHACRYL AMIDE):STYRENE],7.772,4.318
hFF4,POLY[(ACRYLIC ACID):(BUTYL ACRYLATE):(METHACRYL AMIDE):STYRENE],8.155,4.3
hFF4,POLY[(ACRYLIC ACID):(BUTYL ACRYLATE):(METHACRYL AMIDE):STYRENE],7.556,3.238
hFF4,POLY[(ACRYLIC ACID):(BUTYL ACRYLATE):(METHACRYL AMIDE):STYRENE],11.008,4.022
hFF4,POLY[(ACRYLIC ACID):(BUTYL ACRYLATE):(METHACRYL AMIDE):STYRENE],7.556,4.318
hFF4,POLY[(ACRYLIC ACID):(BUTYL ACRYLATE):(METHACRYL AMIDE):STYRENE],6.106,3.053
hFF4,POLY[(ACRYLIC ACID):(BUTYL ACRYLATE):(METHACRYL AMIDE):STYRENE],4.318,3.238
hFF4,POLY[(ACRYLIC ACID):(BUTYL ACRYLATE):(METHACRYL AMIDE):STYRENE],4.579,3.053
hFF4,POLY[(ACRYLIC ACID):(BUTYL ACRYLATE):(METHACRYL AMIDE):STYRENE],7.617,3.207
hFF4,POLY[(ACRYLIC ACID):(BUTYL ACRYLATE):(METHACRYL AMIDE):STYRENE],6.106,2.29
hFF4,POLY[(ACRYLIC ACID):(BUTYL ACRYLATE):(METHACRYL AMIDE):STYRENE],7.068,3.403
hFF4,POLY[(ACRYLIC ACID):(BUTYL ACRYLATE):(METHACRYL AMIDE):STYRENE],7.216,2.606
hFF4,POLY[(ACRYLIC ACID):(BUTYL ACRYLATE):(METHACRYL AMIDE):STYRENE],4.318,3.238
hFF4,POLY[(ACRYLIC ACID):(BUTYL ACRYLATE):(METHACRYL AMIDE):STYRENE],4.45,2.88
hFF4,POLY[(ACRYLIC ACID):(BUTYL ACRYLATE):(METHACRYL AMIDE):STYRENE],4.437,3.072
hFF4,POLY[(ACRYLIC ACID):(BUTYL ACRYLATE):(METHACRYL AMIDE):STYRENE],5.343,3.053
hFF4,POLY[(ACRYLIC ACID):(BUTYL ACRYLATE):(METHACRYL AMIDE):STYRENE],4.79,3.592
hFF4,POLY[(ACRYLIC ACID):(BUTYL ACRYLATE):(METHACRYL AMIDE):STYRENE],3.053,2.29
hFF4,POLY[(ACRYLIC ACID):(BUTYL ACRYLATE):(METHACRYL AMIDE):STYRENE],3.238,3.238
hFF4,POLYALKYLBENZENE,15.307,9.779
hFF4,POLYALKYLBENZENE,14.032,10.794
hFF4,POLYALKYLBENZENE,10.366,10.181
hFF4,POLYALKYLBENZENE,14.294,13.095
hFF4,POLYALKYLBENZENE,11.947,9.557
hFF4,POLYALKYLBENZENE,12.991,9.536
hFF4,POLYALKYLBENZENE,22.133,9.122
hFF4,POLYALKYLBENZENE,13.738,12.975
hFF4,POLYALKYLBENZENE,11.324,8.225
hFF4,POLYALKYLBENZENE,13.28,5.801
hFF4,POLYALKYLBENZENE,8.7,7.96
hFF4,POLYALKYLBENZENE,8.533,5.461
hFF4,POLYALKYLBENZENE,12.212,5.343
hFF4,POLYALKYLBENZENE,12.304,5.759
hFF4,POLYALKYLBENZENE,9.441,8.33
hFF4,POLYALKYLBENZENE,14.456,4.677
hFF4,POLYALKYLBENZENE,10.794,6.476
hFF4,POLYALKYLBENZENE,10.443,5.623
hFF4,POLYALKYLBENZENE,12.629,5.461
hFF4,POLYALKYLBENZENE,7.556,4.318
hFF4,POLYALKYLBENZENE,6.287,5.688
hFF4,POLYALKYLBENZENE,10.24,5.461
hFF4,POLYALKYLBENZENE,12.953,8.635
hFF4,POLYALKYLBENZENE,7.851,3.755
hFF4,POLYALKYLBENZENE,6.139,4.657
hFF4,POLYALKYLBENZENE,6.106,3.053
hFF4,POLYALKYLBENZENE,8.115,7.068
hFF4,POLYALKYLBENZENE,6.815,4.61
hFF4,POLYALKYLBENZENE,5.498,4.45
hFF4,POLYALKYLBENZENE,7.632,6.106
hFF4,POLYALKYLBENZENE,9.526,4.022
hFF4,POLYALKYLBENZENE,3.862,3.379
hFF4,POLYALKYLBENZENE,4.579,3.053
hFF4,POLYALKYLBENZENE,5.504,2.964
hFF4,POLYALKYLBENZENE,6.815,3.207
hFF4,POLYALKYLBENZENE,8.192,4.096
hFF4,POLYALKYLBENZENE,3.816,3.053
hFF4,POLYALKYLBENZENE,9.259,2.902
hFF4,POLYALKYLBENZENE,8.192,4.096
hFF4,POLYALKYLBENZENE,13.347,2.693
hFF4,POLYALKYLBENZENE,4.491,2.694
hFF4,POLYALKYLBENZENE,6.106,1.526
hFF4,POLYALKYLBENZENE,6.774,2.54
hFF4,POLYALKYLBENZENE,5.759,2.356
hFF4,POLYALKYLBENZENE,2.896,2.896
hFF4,POLYALKYLBENZENE,7.851,2.731
hFF4,POLYALKYLBENZENE,3.816,3.053
hFF4,POLYALKYLBENZENE,3.816,3.053
hFF4,POLYALKYLBENZENE,4.437,3.072
hFF4,POLYALKYLBENZENE,7.08,4.889
hFF4,POLYALKYLBENZENE,5.31,2.414
hFF4,POLYALKYLBENZENE,7.632,2.29
hFF4,Polyamide 2. White Pellet,29.143,29.143
hFF4,Polyamide 2. White Pellet,5.397,4.318
hFF4,Polycarbonate 3. Clear Lab Filter,29.264,16.436
hFF4,Polyester 2. Yellow Fiber,15.701,9.899
hFF4,Polyester 2. Yellow Fiber,20.052,8.695
hFF4,Polyester 2. Yellow Fiber,10.578,8.419
hFF4,Polyester 2. Yellow Fiber,10.21,7.33
hFF4,Polyester 2. Yellow Fiber,6.476,5.397
hFF4,Polyester 2. Yellow Fiber,13.012,8.591
hFF4,Polyester 2. Yellow Fiber,5.236,4.974
hFF4,Polyester 2. Yellow Fiber,4.827,3.862
hFF4,Polyester 2. Yellow Fiber,8.218,2.205
hFF4,Polyester 2. Yellow Fiber,5.461,3.413
hFF4,Polyester 2. Yellow Fiber,4.344,2.414
hFF4,Polyester 2. Yellow Fiber,8.682,3.892
hFF4,Polyethylene 6. White Microsphere,9.714,4.318
hFF4,Polyethylene 6. White Microsphere,5.688,3.293
hFF4,Polyethylene 6. White Microsphere,5.688,3.892
hFF4,Polyethylene 6. White Microsphere,4.579,3.053
hFF4,Polyethylene 6. White Microsphere,6.144,3.755
hFF4,Polyethylene 7. Clear Cling Wrap,9.159,5.343
hFF4,Polyethylene 7. Clear Cling Wrap,10.685,4.579
hFF4,POLYOXYETHYLENE(10) OCTYLPHENYL ETHER,4.579,3.053
hFF4,POLYOXYETHYLENE(20) SORBITAN MONOOLEATE,5.31,2.414
hFF4,POLYOXYETHYLENE(20) SORBITAN MONOOLEATE,4.79,2.096
hFF4,POLYOXYETHYLENE(20) SORBITAN MONOPALMITATE,125.916,22.747
hFF4,POLYOXYETHYLENE(20) SORBITAN MONOPALMITATE,36.686,30.894
hFF4,POLYOXYETHYLENE(20) SORBITAN MONOPALMITATE,56.953,32.074
hFF4,POLYOXYETHYLENE(20) SORBITAN MONOPALMITATE,44.036,34.486
hFF4,POLYOXYETHYLENE(20) SORBITAN MONOPALMITATE,43.831,23.288
hFF4,POLYOXYETHYLENE(20) SORBITAN MONOPALMITATE,27.102,15.428
hFF4,POLYOXYETHYLENE(20) SORBITAN MONOPALMITATE,29.585,26.973
hFF4,POLYOXYETHYLENE(20) SORBITAN MONOPALMITATE,33.942,12.004
hFF4,POLYOXYETHYLENE(20) SORBITAN MONOPALMITATE,34.399,16.388
hFF4,POLYOXYETHYLENE(20) SORBITAN MONOPALMITATE,24.019,14.826
hFF4,POLYOXYETHYLENE(20) SORBITAN MONOPALMITATE,26.271,10.074
hFF4,POLYOXYETHYLENE(20) SORBITAN MONOPALMITATE,26.984,15.42
hFF4,POLYOXYETHYLENE(20) SORBITAN MONOPALMITATE,25.013,11.875
hFF4,POLYOXYETHYLENE(20) SORBITAN MONOPALMITATE,18.85,11.197
hFF4,POLYOXYETHYLENE(20) SORBITAN MONOPALMITATE,21.421,12.162
hFF4,POLYOXYETHYLENE(20) SORBITAN MONOPALMITATE,26.07,11.151
hFF4,POLYOXYETHYLENE(20) SORBITAN MONOPALMITATE,20.078,12.697
hFF4,POLYOXYETHYLENE(20) SORBITAN MONOPALMITATE,21.588,9.714
hFF4,POLYOXYETHYLENE(20) SORBITAN MONOPALMITATE,16.976,12.059
hFF4,POLYOXYETHYLENE(20) SORBITAN MONOPALMITATE,27.129,9.172
hFF4,POLYOXYETHYLENE(20) SORBITAN MONOPALMITATE,38.478,11.63
hFF4,POLYOXYETHYLENE(20) SORBITAN MONOPALMITATE,18.826,10.62
hFF4,POLYOXYETHYLENE(20) SORBITAN MONOPALMITATE,22.574,12.802
hFF4,POLYOXYETHYLENE(20) SORBITAN MONOPALMITATE,18.849,13.613
hFF4,POLYOXYETHYLENE(20) SORBITAN MONOPALMITATE,19.797,6.485
hFF4,POLYOXYETHYLENE(20) SORBITAN MONOPALMITATE,16.066,8.301
hFF4,POLYOXYETHYLENE(20) SORBITAN MONOPALMITATE,27.183,6.796
hFF4,POLYOXYETHYLENE(20) SORBITAN MONOPALMITATE,13.516,7.723
hFF4,POLYOXYETHYLENE(20) SORBITAN MONOPALMITATE,16.191,7.556
hFF4,POLYOXYETHYLENE(20) SORBITAN MONOPALMITATE,12.873,11.975
hFF4,POLYOXYETHYLENE(20) SORBITAN MONOPALMITATE,12.643,9.103
hFF4,POLYOXYETHYLENE(20) SORBITAN MONOPALMITATE,18.47,7.327
hFF4,POLYOXYETHYLENE(20) SORBITAN MONOPALMITATE,16.659,8.453
hFF4,POLYOXYETHYLENE(20) SORBITAN MONOPALMITATE,19.547,10.74
hFF4,POLYOXYETHYLENE(20) SORBITAN MONOPALMITATE,12.953,8.635
hFF4,POLYOXYETHYLENE(20) SORBITAN MONOPALMITATE,20.956,8.083
hFF4,POLYOXYETHYLENE(20) SORBITAN MONOPALMITATE,14.869,9.483
hFF4,POLYOXYETHYLENE(20) SORBITAN MONOPALMITATE,18.318,9.159
hFF4,POLYOXYETHYLENE(20) SORBITAN MONOPALMITATE,25.042,6.476
hFF4,POLYOXYETHYLENE(20) SORBITAN MONOPALMITATE,11.854,9.737
hFF4,POLYOXYETHYLENE(20) SORBITAN MONOPALMITATE,7.632,6.869
hFF4,POLYOXYETHYLENE(20) SORBITAN MONOPALMITATE,10.737,5.924
hFF4,POLYOXYETHYLENE(20) SORBITAN MONOPALMITATE,16.465,7.784
hFF4,POLYOXYETHYLENE(20) SORBITAN MONOPALMITATE,14.66,12.566
hFF4,POLYOXYETHYLENE(20) SORBITAN MONOPALMITATE,12.059,6.907
hFF4,POLYOXYETHYLENE(20) SORBITAN MONOPALMITATE,14.032,5.397
hFF4,POLYOXYETHYLENE(20) SORBITAN MONOPALMITATE,10.62,5.793
hFF4,POLYOXYETHYLENE(20) SORBITAN MONOPALMITATE,8.682,5.987
hFF4,POLYOXYETHYLENE(20) SORBITAN MONOPALMITATE,12.454,5.338
hFF4,POLYOXYETHYLENE(20) SORBITAN MONOPALMITATE,14.439,7.034
hFF4,POLYOXYETHYLENE(20) SORBITAN MONOPALMITATE,19.455,5.053
hFF4,POLYOXYETHYLENE(20) SORBITAN MONOPALMITATE,16.798,4.652
hFF4,POLYOXYETHYLENE(20) SORBITAN MONOPALMITATE,24.576,4.096
hFF4,POLYOXYETHYLENE(20) SORBITAN MONOPALMITATE,9.58,7.784
hFF4,POLYOXYETHYLENE(20) SORBITAN MONOPALMITATE,7.556,5.397
hFF4,POLYOXYETHYLENE(20) SORBITAN MONOPALMITATE,9.314,7.621
hFF4,POLYOXYETHYLENE(20) SORBITAN MONOPALMITATE,14.681,10.164
hFF4,POLYOXYETHYLENE(20) SORBITAN MONOPALMITATE,11.585,6.758
hFF4,POLYOXYETHYLENE(20) SORBITAN MONOPALMITATE,11.922,5.8
hFF4,POLYOXYETHYLENE(20) SORBITAN MONOPALMITATE,12.551,4.827
hFF4,POLYOXYETHYLENE(20) SORBITAN MONOPALMITATE,10.373,4.022
hFF4,POLYOXYETHYLENE(20) SORBITAN MONOPALMITATE,7.832,4.657
hFF4,POLYOXYETHYLENE(20) SORBITAN MONOPALMITATE,11.814,7.411
hFF4,POLYOXYETHYLENE(20) SORBITAN MONOPALMITATE,11.257,6.283
hFF4,POLYOXYETHYLENE(20) SORBITAN MONOPALMITATE,12.217,4.998
hFF4,POLYOXYETHYLENE(20) SORBITAN MONOPALMITATE,9.159,4.579
hFF4,POLYOXYETHYLENE(20) SORBITAN MONOPALMITATE,8.639,5.498
hFF4,POLYOXYETHYLENE(20) SORBITAN MONOPALMITATE,13.039,3.968
hFF4,POLYOXYETHYLENE(20) SORBITAN MONOPALMITATE,7.772,3.67
hFF4,POLYOXYETHYLENE(20) SORBITAN MONOPALMITATE,11.873,4.318
hFF4,POLYOXYETHYLENE(20) SORBITAN MONOPALMITATE,9.922,3.816
hFF4,POLYOXYETHYLENE(20) SORBITAN MONOPALMITATE,10.972,4.3
hFF4,POLYOXYETHYLENE(20) SORBITAN MONOPALMITATE,6.476,5.397
hFF4,POLYOXYETHYLENE(20) SORBITAN MONOPALMITATE,10.62,6.275
hFF4,POLYOXYETHYLENE(20) SORBITAN MONOPALMITATE,8.854,6.259
hFF4,POLYOXYETHYLENE(20) SORBITAN MONOPALMITATE,12.953,4.318
hFF4,POLYOXYETHYLENE(20) SORBITAN MONOPALMITATE,6.144,4.779
hFF4,POLYOXYETHYLENE(20) SORBITAN MONOPALMITATE,9.163,5.498
hFF4,POLYOXYETHYLENE(20) SORBITAN MONOPALMITATE,11.675,3.293
hFF4,POLYOXYETHYLENE(20) SORBITAN MONOPALMITATE,9.948,4.189
hFF4,POLYOXYETHYLENE(20) SORBITAN MONOPALMITATE,9.638,5.527
hFF4,POLYOXYETHYLENE(20) SORBITAN MONOPALMITATE,8.635,4.318
hFF4,POLYOXYETHYLENE(20) SORBITAN MONOPALMITATE,5.397,4.318
hFF4,POLYOXYETHYLENE(20) SORBITAN MONOPALMITATE,7.168,3.755
hFF4,POLYOXYETHYLENE(20) SORBITAN MONOPALMITATE,10.577,9.907
hFF4,POLYOXYETHYLENE(20) SORBITAN MONOPALMITATE,10.685,4.579
hFF4,POLYOXYETHYLENE(20) SORBITAN MONOPALMITATE,7.556,3.238
hFF4,POLYOXYETHYLENE(20) SORBITAN MONOPALMITATE,11.449,3.053
hFF4,POLYOXYETHYLENE(20) SORBITAN MONOPALMITATE,7.098,3.549
hFF4,POLYOXYETHYLENE(20) SORBITAN MONOPALMITATE,8.083,6.287
hFF4,POLYOXYETHYLENE(20) SORBITAN MONOPALMITATE,5.498,5.236
hFF4,POLYOXYETHYLENE(20) SORBITAN MONOPALMITATE,8.091,4.046
hFF4,POLYOXYETHYLENE(20) SORBITAN MONOPALMITATE,6.476,5.397
hFF4,POLYOXYETHYLENE(20) SORBITAN MONOPALMITATE,11.873,6.476
hFF4,POLYOXYETHYLENE(20) SORBITAN MONOPALMITATE,6.476,4.318
hFF4,POLYOXYETHYLENE(20) SORBITAN MONOPALMITATE,6.476,6.476
hFF4,POLYOXYETHYLENE(20) SORBITAN MONOPALMITATE,7.556,4.318
hFF4,POLYOXYETHYLENE(20) SORBITAN MONOPALMITATE,6.758,3.379
hFF4,POLYOXYETHYLENE(20) SORBITAN MONOPALMITATE,5.397,5.397
hFF4,POLYOXYETHYLENE(20) SORBITAN MONOPALMITATE,6.283,5.236
hFF4,POLYOXYETHYLENE(20) SORBITAN MONOPALMITATE,8.467,4.234
hFF4,POLYOXYETHYLENE(20) SORBITAN MONOPALMITATE,7.216,6.214
hFF4,POLYOXYETHYLENE(20) SORBITAN MONOPALMITATE,9.934,5.338
hFF4,POLYOXYETHYLENE(20) SORBITAN MONOPALMITATE,5.397,5.397
hFF4,POLYOXYETHYLENE(20) SORBITAN MONOPALMITATE,5.793,4.827
hFF4,POLYOXYETHYLENE(20) SORBITAN MONOPALMITATE,8.382,3.592
hFF4,POLYOXYETHYLENE(20) SORBITAN MONOPALMITATE,7.851,3.072
hFF4,POLYOXYETHYLENE(20) SORBITAN MONOPALMITATE,8.635,3.238
hFF4,POLYOXYETHYLENE(20) SORBITAN MONOPALMITATE,4.827,4.344
hFF4,POLYOXYETHYLENE(20) SORBITAN MONOPALMITATE,9.714,4.318
hFF4,POLYOXYETHYLENE(20) SORBITAN MONOPALMITATE,5.397,3.238
hFF4,POLYOXYETHYLENE(20) SORBITAN MONOPALMITATE,11.376,4.191
hFF4,POLYOXYETHYLENE(20) SORBITAN MONOPALMITATE,9.499,3.454
hFF4,POLYOXYETHYLENE(20) SORBITAN MONOPALMITATE,4.579,3.816
hFF4,POLYOXYETHYLENE(20) SORBITAN MONOPALMITATE,7.632,6.106
hFF4,POLYOXYETHYLENE(20) SORBITAN MONOPALMITATE,8.875,2.389
hFF4,POLYOXYETHYLENE(20) SORBITAN MONOPALMITATE,5.927,5.504
hFF4,POLYOXYETHYLENE(20) SORBITAN MONOPALMITATE,4.579,3.816
hFF4,POLYOXYETHYLENE(20) SORBITAN MONOPALMITATE,6.485,3.413
hFF4,POLYOXYETHYLENE(20) SORBITAN MONOPALMITATE,6.807,3.927
hFF4,POLYOXYETHYLENE(20) SORBITAN MONOPALMITATE,7.219,3.332
hFF4,POLYOXYETHYLENE(20) SORBITAN MONOPALMITATE,10.21,2.618
hFF4,POLYOXYETHYLENE(20) SORBITAN MONOPALMITATE,5.389,5.089
hFF4,POLYOXYETHYLENE(20) SORBITAN MONOPALMITATE,7.556,5.397
hFF4,POLYOXYETHYLENE(20) SORBITAN MONOPALMITATE,9.714,6.908
hFF4,POLYOXYETHYLENE(20) SORBITAN MONOPALMITATE,5.397,5.397
hFF4,POLYOXYETHYLENE(20) SORBITAN MONOPALMITATE,6.807,3.403
hFF4,POLYOXYETHYLENE(20) SORBITAN MONOPALMITATE,8.635,5.397
hFF4,POLYOXYETHYLENE(20) SORBITAN MONOPALMITATE,7.985,6.743
hFF4,POLYOXYETHYLENE(20) SORBITAN MONOPALMITATE,5.461,5.12
hFF4,POLYOXYETHYLENE(20) SORBITAN MONOPALMITATE,6.908,4.533
hFF4,POLYOXYETHYLENE(20) SORBITAN MONOPALMITATE,9.159,6.869
hFF4,POLYOXYETHYLENE(20) SORBITAN MONOPALMITATE,6.758,2.896
hFF4,POLYOXYETHYLENE(20) SORBITAN MONOPALMITATE,4.318,3.238
hFF4,POLYOXYETHYLENE(20) SORBITAN MONOPALMITATE,8.689,3.862
hFF4,POLYOXYETHYLENE(20) SORBITAN MONOPALMITATE,7.556,3.238
hFF4,POLYOXYETHYLENE(20) SORBITAN MONOPALMITATE,4.318,3.238
hFF4,POLYOXYETHYLENE(20) SORBITAN MONOPALMITATE,5.31,3.862
hFF4,POLYOXYETHYLENE(20) SORBITAN MONOPALMITATE,7.556,3.238
hFF4,POLYOXYETHYLENE(20) SORBITAN MONOPALMITATE,7.723,3.379
hFF4,POLYOXYETHYLENE(20) SORBITAN MONOPALMITATE,5.793,2.896
hFF4,POLYOXYETHYLENE(20) SORBITAN MONOPALMITATE,4.318,3.238
hFF4,POLYOXYETHYLENE(20) SORBITAN MONOPALMITATE,4.437,3.755
hFF4,POLYOXYETHYLENE(20) SORBITAN MONOPALMITATE,5.397,4.318
hFF4,POLYOXYETHYLENE(20) SORBITAN MONOPALMITATE,6.476,3.238
hFF4,POLYOXYETHYLENE(20) SORBITAN MONOPALMITATE,4.827,2.896
hFF4,POLYOXYETHYLENE(20) SORBITAN MONOPALMITATE,7.723,3.862
hFF4,POLYOXYETHYLENE(20) SORBITAN MONOPALMITATE,7.987,3.67
hFF4,POLYOXYETHYLENE(20) SORBITAN MONOPALMITATE,9.02,5.813
hFF4,POLYOXYETHYLENE(20) SORBITAN MONOPALMITATE,5.793,2.896
hFF4,POLYOXYETHYLENE(20) SORBITAN MONOPALMITATE,5.397,4.318
hFF4,POLYOXYETHYLENE(20) SORBITAN MONOPALMITATE,6.758,2.896
hFF4,POLYOXYETHYLENE(20) SORBITAN MONOPALMITATE,14.053,2.008
hFF4,POLYOXYETHYLENE(20) SORBITAN MONOPALMITATE,5.12,2.731
hFF4,POLYOXYETHYLENE(20) SORBITAN MONOPALMITATE,8.635,3.238
hFF4,POLYOXYETHYLENE(20) SORBITAN MONOPALMITATE,6.869,3.053
hFF4,POLYOXYETHYLENE(20) SORBITAN MONOPALMITATE,9.172,3.379
hFF4,POLYOXYETHYLENE(20) SORBITAN MONOPALMITATE,6.869,3.816
hFF4,POLYOXYETHYLENE(20) SORBITAN MONOPALMITATE,5.343,2.29
hFF4,POLYOXYETHYLENE(20) SORBITAN MONOPALMITATE,5.397,4.318
hFF4,POLYOXYETHYLENE(20) SORBITAN MONOPALMITATE,10.175,4.284
hFF4,POLYOXYETHYLENE(20) SORBITAN MONOPALMITATE,5.688,4.191
hFF4,POLYOXYETHYLENE(20) SORBITAN MONOPALMITATE,5.397,3.238
hFF4,POLYOXYETHYLENE(20) SORBITAN MONOPALMITATE,10.794,4.318
hFF4,POLYOXYETHYLENE(20) SORBITAN MONOPALMITATE,5.343,2.29
hFF4,POLYOXYETHYLENE(20) SORBITAN MONOPALMITATE,5.343,3.053
hFF4,POLYOXYETHYLENE(20) SORBITAN MONOPALMITATE,3.238,3.238
hFF4,POLYOXYETHYLENE(20) SORBITAN MONOPALMITATE,5.343,4.579
hFF4,POLYOXYETHYLENE(20) SORBITAN MONOPALMITATE,3.238,3.238
hFF4,POLYOXYETHYLENE(20) SORBITAN MONOPALMITATE,5.236,2.618
hFF4,POLYOXYETHYLENE(20) SORBITAN MONOPALMITATE,7.632,3.053
hFF4,POLYOXYETHYLENE(20) SORBITAN MONOPALMITATE,6.214,2.405
hFF4,POLYOXYETHYLENE(20) SORBITAN MONOPALMITATE,9.737,3.599
hFF4,POLYOXYETHYLENE(20) SORBITAN MONOPALMITATE,6.294,3.702
hFF4,POLYOXYETHYLENE(20) SORBITAN MONOPALMITATE,7.985,2.307
hFF4,POLYOXYETHYLENE(20) SORBITAN MONOPALMITATE,5.343,2.29
hFF4,POLYOXYETHYLENE(20) SORBITAN MONOPALMITATE,5.987,2.994
hFF4,POLYOXYETHYLENE(20) SORBITAN MONOPALMITATE,6.106,4.579
hFF4,POLYOXYETHYLENE(20) SORBITAN MONOPALMITATE,6.106,2.29
hFF4,POLYOXYETHYLENE(20) SORBITAN MONOPALMITATE,10.146,2.591
hFF4,POLYOXYETHYLENE(20) SORBITAN MONOPALMITATE,6.807,2.618
hFF4,POLYOXYETHYLENE(20) SORBITAN MONOPALMITATE,3.053,2.29
hFF4,POLYOXYETHYLENE(20) SORBITAN MONOPALMITATE,4.579,3.053
hFF4,POLYOXYETHYLENE(20) SORBITAN MONOPALMITATE,4.318,3.238
hFF4,POLYOXYETHYLENE(20) SORBITAN MONOPALMITATE,5.397,3.238
hFF4,POLYOXYETHYLENE(20) SORBITAN MONOPALMITATE,10.71,5.221
hFF4,POLYOXYETHYLENE(20) SORBITAN MONOPALMITATE,6.885,2.694
hFF4,POLYOXYETHYLENE(20) SORBITAN MONOPALMITATE,3.816,2.29
hFF4,POLYOXYETHYLENE(20) SORBITAN MONOPALMITATE,8.689,3.862
hFF4,POLYOXYETHYLENE(20) SORBITAN MONOPALMITATE,6.476,3.238
hFF4,POLYOXYETHYLENE(20) SORBITAN MONOPALMITATE,5.397,3.238
hFF4,POLYOXYETHYLENE(20) SORBITAN MONOPALMITATE,3.053,3.053
hFF4,POLYOXYETHYLENE(20) SORBITAN MONOPALMITATE,7.216,2.004
hFF4,POLYOXYETHYLENE(20) SORBITAN MONOPALMITATE,3.053,3.053
hFF4,POLYOXYETHYLENE(20) SORBITAN MONOPALMITATE,11.463,1.854
hFF4,POLYOXYETHYLENE(20) SORBITAN MONOPALMITATE,10.685,3.816
hFF4,POLYOXYETHYLENE(20) SORBITAN MONOPALMITATE,5.504,2.964
hFF4,POLYOXYETHYLENE(20) SORBITAN MONOPALMITATE,6.758,2.414
hFF4,POLYOXYETHYLENE(20) SORBITAN MONOPALMITATE,7.775,2.592
hFF4,POLYOXYETHYLENE(20) SORBITAN MONOPALMITATE,6.106,1.526
hFF4,POLYOXYETHYLENE(20) SORBITAN MONOPALMITATE,3.755,2.731
hFF4,POLYOXYETHYLENE(20) SORBITAN MONOPALMITATE,4.318,3.238
hFF4,POLYOXYETHYLENE(20) SORBITAN MONOPALMITATE,4.827,2.896
hFF4,POLYOXYETHYLENE(20) SORBITAN MONOPALMITATE,4.579,3.053
hFF4,POLYOXYETHYLENE(20) SORBITAN MONOPALMITATE,5.397,3.238
hFF4,POLYOXYETHYLENE(20) SORBITAN MONOPALMITATE,11.102,3.379
hFF4,POLYOXYETHYLENE(20) SORBITAN MONOPALMITATE,6.106,1.526
hFF4,POLYOXYETHYLENE(20) SORBITAN MONOPALMITATE,6.476,3.238
hFF4,POLYOXYETHYLENE(8) OCTYLPHENYL ETHER,19.107,7.323
hFF4,POLYOXYETHYLENE(8) OCTYLPHENYL ETHER,13.816,8.203
hFF4,POLYOXYETHYLENE(8) OCTYLPHENYL ETHER,11.873,11.873
hFF4,POLYOXYETHYLENE(8) OCTYLPHENYL ETHER,18.091,5.803
hFF4,POLYOXYETHYLENE(8) OCTYLPHENYL ETHER,6.476,4.318
hFF4,POLYOXYETHYLENE(8) OCTYLPHENYL ETHER,8.851,6.26
hFF4,POLYOXYETHYLENE(8) OCTYLPHENYL ETHER,5.397,4.318
hFF4,POLYOXYETHYLENE(8) OCTYLPHENYL ETHER,4.437,3.072
hFF4,POLYOXYETHYLENE(8) OCTYLPHENYL ETHER,5.343,3.053
hFF4,POLYOXYETHYLENE(8) OCTYLPHENYL ETHER,4.579,3.053
hFF4,Polypropylene 10. Black Battery Holder,35.24,23.112
hFF4,Polypropylene 10. Black Battery Holder,27.173,16.433
hFF4,Polypropylene 10. Black Battery Holder,23.709,12.489
hFF4,Polypropylene 10. Black Battery Holder,14.044,10.533
hFF4,Polypropylene 10. Black Battery Holder,10.794,10.794
hFF4,Polypropylene 10. Black Battery Holder,9.714,7.556
hFF4,Polypropylene 10. Black Battery Holder,9.58,6.586
hFF4,Polypropylene 10. Black Battery Holder,10.794,4.318
hFF4,Polypropylene 10. Black Battery Holder,15.111,6.476
hFF4,Polypropylene 10. Black Battery Holder,12.828,5.759
hFF4,Polypropylene 10. Black Battery Holder,7.632,5.343
hFF4,Polypropylene 10. Black Battery Holder,9.714,3.238
hFF4,Polypropylene 10. Black Battery Holder,7.219,3.517
hFF4,Polypropylene 5. White Food Wrapper,8.635,3.238
hFF4,Polypropylene 5. White Food Wrapper,3.053,3.053
hFF4,POLYSORBATE 80 STANDARD,26.985,16.191
hFF4,POLYSORBATE 80 STANDARD,20.607,12.212
hFF4,POLYSORBATE 80 STANDARD,19.786,10.888
hFF4,POLYSORBATE 80 STANDARD,13.049,12.171
hFF4,POLYSORBATE 80 STANDARD,17.27,8.635
hFF4,POLYSORBATE 80 STANDARD,12.41,8.429
hFF4,POLYSORBATE 80 STANDARD,12.975,6.869
hFF4,POLYSORBATE 80 STANDARD,9.714,8.635
hFF4,POLYSORBATE 80 STANDARD,14.809,6.294
hFF4,POLYSORBATE 80 STANDARD,7.409,4.657
hFF4,POLYSORBATE 80 STANDARD,15.03,4.022
hFF4,POLYSORBATE 80 STANDARD,8.429,4.889
hFF4,POLYSORBATE 80 STANDARD,8.044,3.387
hFF4,POLYSORBATE 80 STANDARD,8.635,5.397
hFF4,POLYSORBATE 80 STANDARD,5.397,3.238
hFF4,POLYSORBATE 80 STANDARD,7.556,3.238
hFF4,POLYSORBATE 80 STANDARD,4.318,3.238
hFF4,POLYSORBATE 80 STANDARD,4.579,3.816
hFF4,POLYSORBATE 80 STANDARD,8.115,2.88
hFF4,POLYSORBATE 80 STANDARD,4.318,3.238
hFF4,POLYSORBATE 80 STANDARD,3.862,3.862
hFF4,POLYSORBATE 80 STANDARD,9.216,2.048
hFF4,POLYSORBATE 80 STANDARD,6.869,2.29
hFF4,POLYSORBATE 80 STANDARD,3.053,3.053
hFF4,POLYSORBATE 80 STANDARD,6.275,2.896
hFF4,Polystyrene 11. Orange Printer Cartridge,20.112,9.439
hFF4,Polystyrene 11. Orange Printer Cartridge,9.654,8.206
hFF4,Polystyrene 11. Orange Printer Cartridge,13.112,7.376
hFF4,Polystyrene 11. Orange Printer Cartridge,11.008,9.102
hFF4,Polystyrene 11. Orange Printer Cartridge,18.402,8.04
hFF4,Polystyrene 11. Orange Printer Cartridge,9.949,5.927
hFF4,Polystyrene 11. Orange Printer Cartridge,12.975,5.343
hFF4,Polystyrene 11. Orange Printer Cartridge,23.327,5.687
hFF4,Polystyrene 11. Orange Printer Cartridge,7.632,6.869
hFF4,Polystyrene 11. Orange Printer Cartridge,19.622,6.294
hFF4,Polystyrene 11. Orange Printer Cartridge,15.064,6.91
hFF4,Polystyrene 11. Orange Printer Cartridge,10.137,4.827
hFF4,Polystyrene 11. Orange Printer Cartridge,12.185,6.6
hFF4,Polystyrene 11. Orange Printer Cartridge,8.695,7.453
hFF4,Polystyrene 11. Orange Printer Cartridge,9.98,5.18
hFF4,Polystyrene 11. Orange Printer Cartridge,7.556,5.397
hFF4,Polystyrene 11. Orange Printer Cartridge,10.794,4.318
hFF4,Polystyrene 11. Orange Printer Cartridge,7.923,5.057
hFF4,Polystyrene 11. Orange Printer Cartridge,6.021,5.759
hFF4,Polystyrene 11. Orange Printer Cartridge,7.63,5.323
hFF4,Polystyrene 11. Orange Printer Cartridge,9.637,4.3
hFF4,Polystyrene 11. Orange Printer Cartridge,6.758,3.379
hFF4,Polystyrene 11. Orange Printer Cartridge,11.008,3.599
hFF4,Polystyrene 11. Orange Printer Cartridge,6.758,3.379
hFF4,Polystyrene 11. Orange Printer Cartridge,14.481,8.206
hFF4,Polystyrene 11. Orange Printer Cartridge,9.006,3.664
hFF4,Polystyrene 11. Orange Printer Cartridge,7.241,2.896
hFF4,Polystyrene 11. Orange Printer Cartridge,5.397,3.238
hFF4,Polystyrene 11. Orange Printer Cartridge,5.498,2.618
hFF4,Polystyrene 11. Orange Printer Cartridge,5.397,3.238
hFF4,Polystyrene 11. Orange Printer Cartridge,4.318,3.238
hFF4,Polystyrene 11. Orange Printer Cartridge,6.214,2.004
hFF4,Polystyrene 11. Orange Printer Cartridge,7.632,2.748
hFF4,Polystyrene 13. Pink Spoon,25.27,14.661
hFF4,Polystyrene 13. Pink Spoon,18.206,11.8
hFF4,Polystyrene 13. Pink Spoon,7.241,4.344
hFF4,Polystyrene 15. Purple LEGO,14.023,8.591
hFF4,Polystyrene 15. Purple LEGO,6.476,3.238
hFF4,Polystyrene 15. Purple LEGO,9.557,7.851
hFF4,Polystyrene 15. Purple LEGO,4.318,4.318
hFF4,Polystyrene 15. Purple LEGO,3.816,1.526
hFF4,Polystyrene 5. Orange Microsphere,28.737,15.613
hFF4,Polystyrene 5. Orange Microsphere,24.826,13.816
hFF4,Polystyrene 5. Orange Microsphere,9.714,7.556
hFF4,Polystyrene 5. Orange Microsphere,6.986,4.869
hFF4,Polystyrene 5. Orange Microsphere,5.389,2.994
hFF4,Polystyrene 5. Orange Microsphere,4.491,2.096
hFF4,POLYSTYRENE HIGH IMPACT,6.414,2.606
hFF4,Polyvinyl Chloride 21. Green Slinky Toy,24.201,43.083
hFF4,Polyvinyl Chloride 21. Green Slinky Toy,4.318,4.318
hFF4,Polyvinyl Chloride 8a. White Cable Cover,15.111,10.794
hFF4,Polyvinyl Chloride 8a. White Cable Cover,17.062,9.999
hFF4,VIACRYL SC 166,66.333,48.712
hFF4,VIACRYL SC 166,41.978,17.554
hFF4,VIACRYL SC 166,28.013,20.95
hFF4,VIACRYL SC 166,35.255,17.684
hFF4,VIACRYL SC 166,14.304,9.16
hFF4,VIACRYL SC 166,18.455,7.453
hFF4,VIACRYL SC 166,16.183,9.777
hFF4,VIACRYL SC 166,13.999,5.31
hFF4,VIACRYL SC 166,10.794,6.476
hFF4,VIACRYL SC 166,12.828,8.377
hFF4,VIACRYL SC 166,10.685,6.869
hFF4,VIACRYL SC 166,17.219,4.388
hFF4,VIACRYL SC 166,13.875,8.901
hFF4,VIACRYL SC 166,10.292,4.791
hFF4,VIACRYL SC 166,5.397,5.397
hFF4,VIACRYL SC 166,8.396,4.579
hFF4,VIACRYL SC 166,7.59,4.813
hFF4,VIACRYL SC 166,7.556,5.397
hFF4,VIACRYL SC 166,6.545,6.283
hFF4,VIACRYL SC 166,7.621,4.234
hFF4,VIACRYL SC 166,6.869,3.053
hFF4,VIACRYL SC 166,8.689,3.862
hFF4,VIACRYL SC 166,4.318,3.238
hFF4,VIACRYL SC 166,6.827,3.072
hFF4,"VISTALON 6505, COPOLYMER EPDM TYPE",16.493,14.922
hFF4,"VISTALON 6505, COPOLYMER EPDM TYPE",20.213,9.728
hFF4,"VISTALON 6505, COPOLYMER EPDM TYPE",15.422,8.524
hFF4,"VISTALON 6505, COPOLYMER EPDM TYPE",10.115,4.791
hFF4,"VISTALON 6505, COPOLYMER EPDM TYPE",8.635,5.397
hFF4,"VISTALON 8510, COPOLYMER EPDM TYPE",36.367,16.357
hFF4,"VISTALON 8510, COPOLYMER EPDM TYPE",39.258,15.79
hFF4,"VISTALON 8510, COPOLYMER EPDM TYPE",18.988,8.834
hFF4,"VISTALON 8510, COPOLYMER EPDM TYPE",19.319,10.854
hFF4,"VISTALON 8510, COPOLYMER EPDM TYPE",15.034,6.443
hFF4,"VISTALON 8510, COPOLYMER EPDM TYPE",9.95,9.536
hFF4,"VISTALON 8510, COPOLYMER EPDM TYPE",9.76,9.582
hFF4,"VISTALON 8510, COPOLYMER EPDM TYPE",7.484,7.484
hFF4,"VISTALON 8510, COPOLYMER EPDM TYPE",13.971,8.256
hFF4,"VISTALON 8510, COPOLYMER EPDM TYPE",9.58,5.688
hFF4,"VISTALON 8510, COPOLYMER EPDM TYPE",9.714,6.476
hFF4,"VISTALON 8510, COPOLYMER EPDM TYPE",12.551,5.793
hFF4,"VISTALON 8510, COPOLYMER EPDM TYPE",11.662,6.664
hFF4,"VISTALON 8510, COPOLYMER EPDM TYPE",9.172,5.31
hFF4,"VISTALON 8510, COPOLYMER EPDM TYPE",7.617,6.013
hFF4,"VISTALON 8510, COPOLYMER EPDM TYPE",6.021,5.759
hFF4,"VISTALON 8510, COPOLYMER EPDM TYPE",9.922,4.579
hFF4,"VISTALON 8510, COPOLYMER EPDM TYPE",8.115,4.45
hFF4,"VISTALON 8510, COPOLYMER EPDM TYPE",10.62,3.379
hFF4,"VISTALON 8510, COPOLYMER EPDM TYPE",6.476,3.238
hFF4,"VISTALON 8510, COPOLYMER EPDM TYPE",8.396,4.579
hFF4,"VISTALON 8510, COPOLYMER EPDM TYPE",8.192,3.413
hFF4,"VISTALON 8510, COPOLYMER EPDM TYPE",6.476,3.238
hFF4,"VISTALON 8510, COPOLYMER EPDM TYPE",5.397,3.238
hFF4,"VISTALON 8510, COPOLYMER EPDM TYPE",9.557,3.755
hFF4,"VISTALON 8510, COPOLYMER EPDM TYPE",7.241,5.793
hFF4,"VISTALON 8510, COPOLYMER EPDM TYPE",6.106,2.29
hFF4,"VISTALON 8510, COPOLYMER EPDM TYPE",5.089,4.79
hFF4,"VISTALON 8510, COPOLYMER EPDM TYPE",4.318,4.318
hFF4,"VISTALON 8510, COPOLYMER EPDM TYPE",7.785,5.19
hFF4,"VISTALON 8510, COPOLYMER EPDM TYPE",7.63,5.146
hFF4,"VISTALON 8510, COPOLYMER EPDM TYPE",7.817,3.007
hFF4,"VISTALON 8510, COPOLYMER EPDM TYPE",5.31,4.344
hFF4,"VISTALON 8510, COPOLYMER EPDM TYPE",5.397,4.318
hFF4,"VISTALON 8510, COPOLYMER EPDM TYPE",6.476,4.318
hFF4,"VISTALON 8510, COPOLYMER EPDM TYPE",8.689,3.379
hFF4,"VISTALON 8510, COPOLYMER EPDM TYPE",4.79,2.395
hFF4,"VISTALON 8510, COPOLYMER EPDM TYPE",7.068,2.88
hFF4,"VISTALON 8510, COPOLYMER EPDM TYPE",3.816,2.29
hFF4,"VISTALON 8510, COPOLYMER EPDM TYPE",6.869,3.816
hFF4,"VISTALON 8510, COPOLYMER EPDM TYPE",6.26,2.591
hFF4,"VISTALON 9500, COPOLYMER EPDM TYPE",10.685,3.053
hFF4,"VISTALON 9500, COPOLYMER EPDM TYPE",8.206,4.827
hFF5,"1,4-BUTANEDIAMINE",5.794,3.05
hFF5,Cellulose Acetate 4. White Fiber,20.627,14.656
hFF5,Cellulose Acetate 4. White Fiber,27.915,8.502
hFF5,Cellulose Acetate 4. White Fiber,10.608,7.715
hFF5,COLOR MASTERBATCH POLY[ETHYLENE-CO-(VINYL ACETATE)] + 45% YELLOW PIGMENT #3,9.117,5.318
hFF5,COLOR MASTERBATCH POLY[ETHYLENE-CO-(VINYL ACETATE)] + 45% YELLOW PIGMENT #4,3.857,2.893
hFF5,"DUTRAL PMX 9705, COPOLYMER EPDM TYPE",9.481,2.822
hFF5,Epichlorohydrin/Ethylene Oxide Copolymer,7.332,4.313
hFF5,"KELTAN 314, COPOLYMER EPDM TYPE",15.959,10.113
hFF5,"KELTAN 314, COPOLYMER EPDM TYPE",21.65,5.024
hFF5,"KELTAN 314, COPOLYMER EPDM TYPE",10.351,6.469
hFF5,"KELTAN 314, COPOLYMER EPDM TYPE",10.213,6.998
hFF5,"KELTAN 314, COPOLYMER EPDM TYPE",10.608,10.608
hFF5,"KELTAN 314, COPOLYMER EPDM TYPE",10.251,5.962
hFF5,"KELTAN 314, COPOLYMER EPDM TYPE",12.036,9.094
hFF5,"KELTAN 314, COPOLYMER EPDM TYPE",10.064,4.574
hFF5,"KELTAN 314, COPOLYMER EPDM TYPE",8.539,6.099
hFF5,"KELTAN 314, COPOLYMER EPDM TYPE",6.751,2.893
hFF5,"KELTAN 314, COPOLYMER EPDM TYPE",5.613,2.807
hFF5,"KELTAN 314, COPOLYMER EPDM TYPE",6.052,3.593
hFF5,"KELTAN 314, COPOLYMER EPDM TYPE",4.574,3.05
hFF5,"KELTAN 314, COPOLYMER EPDM TYPE",6.038,2.588
hFF5,"KELTAN 314, COPOLYMER EPDM TYPE",7.551,4.504
hFF5,"KELTAN 512, COPOLYMER EPDM TYPE",10.674,10.369
hFF5,"KELTAN 512, COPOLYMER EPDM TYPE",9.057,4.313
hFF5,"KELTAN 512, COPOLYMER EPDM TYPE",4.313,3.45
hFF5,"KELTAN 512, COPOLYMER EPDM TYPE",6.616,2.315
hFF5,"NYLON 6,6",24.176,8.059
hFF5,"NYLON 6,6",10.638,6.683
hFF5,"NYLON 6,6",4.822,2.893
hFF5,"NYLON 6,6",4.574,3.964
hFF5,"NYLON 6,6",3.019,3.019
hFF5,"NYLON 6,9",13.638,10.911
hFF5,"NYLON 6,9",12.224,4.569
hFF5,POLY(STYRENE-ETHYLENE-BUTYLENE),13.37,3.882
hFF5,Polyamide 1. White Cable Tie,21.139,8.865
hFF5,Polyamide 2. White Pellet,23.413,11.044
hFF5,Polyamide 2. White Pellet,17.184,7.092
hFF5,Polyamide 2. White Pellet,9.361,2.942
hFF5,Polyamide 2. White Pellet,9.82,3.41
hFF5,Polyamide 2. White Pellet,9.547,2.728
hFF5,Polyamide 2. White Pellet,3.857,3.857
hFF5,Polyester 2. Yellow Fiber,42.688,6.41
hFF5,Polyester 2. Yellow Fiber,9.547,4.091
hFF5,Polyester 2. Yellow Fiber,8.269,3.969
hFF5,Polyester 2. Yellow Fiber,6.365,3.665
hFF5,Polyethylene Terephthalate 13. Clear Plastic Sheet,88.794,5.315
hFF5,Polyethylene Terephthalate 13. Clear Plastic Sheet,42.96,6.137
hFF5,Polyethylene Terephthalate 13. Clear Plastic Sheet,32.143,3.43
hFF5,Polyethylene Terephthalate 13. Clear Plastic Sheet,25.922,3.964
hFF5,Polyethylene Terephthalate 13. Clear Plastic Sheet,16.583,1.605
hFF5,Polyethylene Terephthalate 13. Clear Plastic Sheet,13.806,1.702
hFF5,Polyethylene Terephthalate 16. White Pellet,36.376,6.687
hFF5,POLYOXYETHYLENE(20) SORBITAN MONOOLEATE,22.506,11.726
hFF5,POLYOXYETHYLENE(20) SORBITAN MONOOLEATE,10.608,8.294
hFF5,POLYOXYETHYLENE(20) SORBITAN MONOOLEATE,2.893,2.893
hFF5,POLYOXYETHYLENE(20) SORBITAN MONOPALMITATE,18.323,14.466
hFF5,POLYOXYETHYLENE(20) SORBITAN MONOPALMITATE,16.299,10.248
hFF5,POLYOXYETHYLENE(20) SORBITAN MONOPALMITATE,17.383,11.588
hFF5,POLYOXYETHYLENE(20) SORBITAN MONOPALMITATE,14.466,8.679
hFF5,POLYOXYETHYLENE(20) SORBITAN MONOPALMITATE,11.113,7.902
hFF5,POLYOXYETHYLENE(20) SORBITAN MONOPALMITATE,21.905,11.735
hFF5,POLYOXYETHYLENE(20) SORBITAN MONOPALMITATE,10.674,8.539
hFF5,POLYOXYETHYLENE(20) SORBITAN MONOPALMITATE,10.782,6.9
hFF5,POLYOXYETHYLENE(20) SORBITAN MONOPALMITATE,18.52,5.853
hFF5,POLYOXYETHYLENE(20) SORBITAN MONOPALMITATE,19.856,5.263
hFF5,POLYOXYETHYLENE(20) SORBITAN MONOPALMITATE,8.194,6.9
hFF5,POLYOXYETHYLENE(20) SORBITAN MONOPALMITATE,11.415,7.769
hFF5,POLYOXYETHYLENE(20) SORBITAN MONOPALMITATE,8.626,7.332
hFF5,POLYOXYETHYLENE(20) SORBITAN MONOPALMITATE,15.069,6.331
hFF5,POLYOXYETHYLENE(20) SORBITAN MONOPALMITATE,8.679,6.751
hFF5,POLYOXYETHYLENE(20) SORBITAN MONOPALMITATE,11.748,5.271
hFF5,POLYOXYETHYLENE(20) SORBITAN MONOPALMITATE,9.956,6.41
hFF5,POLYOXYETHYLENE(20) SORBITAN MONOPALMITATE,12.571,4.012
hFF5,POLYOXYETHYLENE(20) SORBITAN MONOPALMITATE,16.869,5.876
hFF5,POLYOXYETHYLENE(20) SORBITAN MONOPALMITATE,12.861,4.539
hFF5,POLYOXYETHYLENE(20) SORBITAN MONOPALMITATE,17.273,7.581
hFF5,POLYOXYETHYLENE(20) SORBITAN MONOPALMITATE,7.501,6.819
hFF5,POLYOXYETHYLENE(20) SORBITAN MONOPALMITATE,12.571,6.152
hFF5,POLYOXYETHYLENE(20) SORBITAN MONOPALMITATE,8.183,4.773
hFF5,POLYOXYETHYLENE(20) SORBITAN MONOPALMITATE,11.908,4.465
hFF5,POLYOXYETHYLENE(20) SORBITAN MONOPALMITATE,13.566,5.847
hFF5,POLYOXYETHYLENE(20) SORBITAN MONOPALMITATE,5.786,4.822
hFF5,POLYOXYETHYLENE(20) SORBITAN MONOPALMITATE,12.177,4.59
hFF5,POLYOXYETHYLENE(20) SORBITAN MONOPALMITATE,9.057,3.882
hFF5,POLYOXYETHYLENE(20) SORBITAN MONOPALMITATE,6.137,4.091
hFF5,POLYOXYETHYLENE(20) SORBITAN MONOPALMITATE,9.143,4.741
hFF5,POLYOXYETHYLENE(20) SORBITAN MONOPALMITATE,8.456,6.137
hFF5,POLYOXYETHYLENE(20) SORBITAN MONOPALMITATE,6.751,5.786
hFF5,POLYOXYETHYLENE(20) SORBITAN MONOPALMITATE,11.732,4.598
hFF5,POLYOXYETHYLENE(20) SORBITAN MONOPALMITATE,5.455,4.091
hFF5,POLYOXYETHYLENE(20) SORBITAN MONOPALMITATE,5.794,4.574
hFF5,POLYOXYETHYLENE(20) SORBITAN MONOPALMITATE,7.624,3.05
hFF5,POLYOXYETHYLENE(20) SORBITAN MONOPALMITATE,6.137,2.728
hFF5,POLYOXYETHYLENE(20) SORBITAN MONOPALMITATE,7.014,3.964
hFF5,POLYOXYETHYLENE(20) SORBITAN MONOPALMITATE,6.469,5.607
hFF5,POLYOXYETHYLENE(20) SORBITAN MONOPALMITATE,4.822,3.857
hFF5,POLYOXYETHYLENE(20) SORBITAN MONOPALMITATE,6.404,3.355
hFF5,POLYOXYETHYLENE(20) SORBITAN MONOPALMITATE,6.984,3.223
hFF5,POLYOXYETHYLENE(20) SORBITAN MONOPALMITATE,6.805,2.865
hFF5,POLYOXYETHYLENE(20) SORBITAN MONOPALMITATE,4.773,4.091
hFF5,POLYOXYETHYLENE(20) SORBITAN MONOPALMITATE,4.822,3.857
hFF5,POLYOXYETHYLENE(20) SORBITAN MONOPALMITATE,4.091,3.41
hFF5,POLYOXYETHYLENE(20) SORBITAN MONOPALMITATE,6.099,4.269
hFF5,POLYOXYETHYLENE(20) SORBITAN MONOPALMITATE,4.822,2.893
hFF5,POLYOXYETHYLENE(20) SORBITAN MONOPALMITATE,10.419,3.308
hFF5,POLYOXYETHYLENE(20) SORBITAN MONOPALMITATE,3.964,3.355
hFF5,POLYOXYETHYLENE(20) SORBITAN MONOPALMITATE,3.857,2.893
hFF5,POLYOXYETHYLENE(20) SORBITAN MONOPALMITATE,5.954,4.465
hFF5,POLYOXYETHYLENE(20) SORBITAN MONOPALMITATE,8.183,4.091
hFF5,POLYOXYETHYLENE(20) SORBITAN MONOPALMITATE,4.091,2.728
hFF5,POLYOXYETHYLENE(20) SORBITAN MONOPALMITATE,5.786,3.857
hFF5,POLYOXYETHYLENE(20) SORBITAN MONOPALMITATE,7.53,2.56
hFF5,POLYOXYETHYLENE(20) SORBITAN MONOPALMITATE,5.455,2.046
hFF5,POLYOXYETHYLENE(20) SORBITAN MONOPALMITATE,2.893,2.893
hFF5,POLYOXYETHYLENE(20) SORBITAN MONOPALMITATE,5.175,2.156
hFF5,POLYOXYETHYLENE(20) SORBITAN MONOPALMITATE,5.786,2.893
hFF5,POLYOXYETHYLENE(20) SORBITAN MONOPALMITATE,7.501,2.046
hFF5,POLYOXYETHYLENE(20) SORBITAN MONOPALMITATE,5.015,3.472
hFF5,POLYOXYETHYLENE(20) SORBITAN MONOPALMITATE,4.091,3.41
hFF5,POLYOXYETHYLENE(20) SORBITAN MONOPALMITATE,3.857,2.893
hFF5,Polypropylene 10. Black Battery Holder,27.279,14.191
hFF5,Polypropylene 10. Black Battery Holder,7.715,2.893
hFF5,Polypropylene 10. Black Battery Holder,5.786,2.893
hFF5,Polypropylene 10. Black Battery Holder,4.822,2.893
hFF5,POLYSORBATE 80 STANDARD,17.359,8.679
hFF5,POLYSORBATE 80 STANDARD,12.537,11.572
hFF5,POLYSORBATE 80 STANDARD,13.638,6.137
hFF5,POLYSORBATE 80 STANDARD,10.608,6.751
hFF5,POLYSORBATE 80 STANDARD,14.663,3.019
hFF5,POLYSORBATE 80 STANDARD,10.608,5.786
hFF5,POLYSORBATE 80 STANDARD,10.911,4.773
hFF5,POLYSORBATE 80 STANDARD,12.894,4.656
hFF5,POLYSORBATE 80 STANDARD,5.607,3.45
hFF5,POLYSORBATE 80 STANDARD,9.798,5.644
hFF5,POLYSORBATE 80 STANDARD,7.163,3.403
hFF5,POLYSORBATE 80 STANDARD,4.773,2.046
hFF5,POLYSORBATE 80 STANDARD,4.822,2.893
hFF5,Polystyrene 1. Brown Coffee Cup Lid,8.292,7.489
hFF5,POLYVINYL ALCOHOL,14.176,6.687
hFF5,SILICON(IV) OXIDE,4.822,3.857
hFF5,TEFLON,4.822,3.857
hFF5,"VISTALON 6505, COPOLYMER EPDM TYPE",6.777,5.874
hFF5,"VISTALON 8510, COPOLYMER EPDM TYPE",16.818,12.98
hFF5,"VISTALON 8510, COPOLYMER EPDM TYPE",10.608,10.608
hFF5,"VISTALON 8510, COPOLYMER EPDM TYPE",12.537,5.786
hFF5,"VISTALON 8510, COPOLYMER EPDM TYPE",7.501,3.41
hFF5,"VISTALON 8510, COPOLYMER EPDM TYPE",7.624,3.05
hFF5,"VISTALON 8510, COPOLYMER EPDM TYPE",6.137,3.41
hFF5,"VISTALON 8510, COPOLYMER EPDM TYPE",8.679,4.822
hFF5,"VISTALON 8510, COPOLYMER EPDM TYPE",6.099,2.135
hFF6,BISPHENOL-A-POLYCARBONATE,30.042,5.844
hFF6,Cellulose Acetate 4. White Fiber,30.031,21.033
hFF6,Cellulose Acetate 4. White Fiber,13.994,6.997
hFF6,Cellulose Acetate 4. White Fiber,11.654,8.43
hFF6,Cellulose Acetate 4. White Fiber,6.997,3.998
hFF6,CELLULOSE PROPIONATE,11.994,8.996
hFF6,COLOR MASTERBATCH POLY[ETHYLENE-CO-(VINYL ACETATE)] + 45% YELLOW PIGMENT #3,17.992,13.994
hFF6,COLOR MASTERBATCH POLY[ETHYLENE-CO-(VINYL ACETATE)] + 45% YELLOW PIGMENT #3,9.895,6.361
hFF6,COLOR MASTERBATCH POLY[ETHYLENE-CO-(VINYL ACETATE)] + 45% YELLOW PIGMENT #3,6.705,6.705
hFF6,COLOR MASTERBATCH POLY[ETHYLENE-CO-(VINYL ACETATE)] + 45% YELLOW PIGMENT #3,4.241,2.827
hFF6,"CYCOLAC G 101, COPOLYMER ABS TYPE",5.654,4.947
hFF6,ESTABEX 2349,9.995,8.996
hFF6,"NYLON 6,6",11.175,9.834
hFF6,"NYLON 6,6",15.282,2.629
hFF6,"NYLON 6,6",9.995,2.999
hFF6,"NYLON 6,6",10.625,2.819
hFF6,"NYLON 6,6",7.27,2.845
hFF6,Poly(methyl methacrylate) 15000,7.152,3.576
hFF6,POLY[(ACRYLIC ACID):(BUTYL ACRYLATE):(METHACRYL AMIDE):STYRENE],27.852,26.676
hFF6,POLY[(ACRYLIC ACID):(BUTYL ACRYLATE):(METHACRYL AMIDE):STYRENE],6.638,4.425
hFF6,POLY[(ACRYLIC ACID):(BUTYL ACRYLATE):(METHACRYL AMIDE):STYRENE],10.237,5.25
hFF6,POLY[(ACRYLIC ACID):(BUTYL ACRYLATE):(METHACRYL AMIDE):STYRENE],6.397,3.798
hFF6,POLY[(ACRYLIC ACID):(BUTYL ACRYLATE):(METHACRYL AMIDE):STYRENE],6.258,3.129
hFF6,POLY[(ACRYLIC ACID):(BUTYL ACRYLATE):(METHACRYL AMIDE):STYRENE],4.947,3.534
hFF6,Polyamide 2. White Pellet,37.549,25.479
hFF6,Polyamide 2. White Pellet,15.528,13.076
hFF6,Polyamide 2. White Pellet,12.722,9.188
hFF6,Polyamide 2. White Pellet,14.194,7.388
hFF6,Polyamide 2. White Pellet,8.039,4.99
hFF6,Polyamide 2. White Pellet,4.947,4.241
hFF6,Polyamide 2. White Pellet,4.917,3.576
hFF6,Polyamide 2. White Pellet,4.998,3.998
hFF6,Polyamide 2. White Pellet,6.597,2.999
hFF6,Polyamide 2. White Pellet,3.534,2.827
hFF6,Polyamide 2. White Pellet,7.61,2.413
hFF6,Polycarbonate 3. Clear Lab Filter,10.995,8.996
hFF6,Polyester 2. Yellow Fiber,17.095,11.039
hFF6,Polyester 2. Yellow Fiber,14.136,7.775
hFF6,Polyester 2. Yellow Fiber,14.545,5.576
hFF6,Polyester 2. Yellow Fiber,8.481,6.361
hFF6,Polyester 2. Yellow Fiber,9.166,3.793
hFF6,Polyester 2. Yellow Fiber,8.218,5.689
hFF6,Polyester 2. Yellow Fiber,7.796,3.398
hFF6,Polyethylene 23. Clear Cereal Bag,9.336,8.512
hFF6,Polyethylene 6. White Microsphere,4.158,2.772
hFF6,POLYETHYLENE GLYCOL 400,6.997,6.997
hFF6,POLYETHYLENE GLYCOL 400,3.998,2.999
hFF6,Polyethylene Terephthalate 8. Clear Juice Bottle,11.958,5.685
hFF6,Polymethylphenylsiloxane,5.811,5.364
hFF6,POLYOXYETHYLENE(10) OCTYLPHENYL ETHER,9.995,4.998
hFF6,POLYOXYETHYLENE(20) SORBITAN MONOPALMITATE,11.926,7.372
hFF6,POLYOXYETHYLENE(20) SORBITAN MONOPALMITATE,7.996,5.997
hFF6,POLYOXYETHYLENE(20) SORBITAN MONOPALMITATE,5.997,4.998
hFF6,POLYOXYETHYLENE(20) SORBITAN MONOPALMITATE,8.534,3.161
hFF6,POLYOXYETHYLENE(20) SORBITAN MONOPALMITATE,5.997,3.998
hFF6,POLYOXYETHYLENE(20) SORBITAN MONOPALMITATE,3.998,3.998
hFF6,POLYOXYETHYLENE(20) SORBITAN MONOPALMITATE,4.241,2.827
hFF6,POLYOXYETHYLENE(20) SORBITAN MONOPALMITATE,3.793,2.529
hFF6,Polypropylene 10. Black Battery Holder,9.895,2.827
hFF6,Polypropylene 8. White Bottle Cap,7.253,3.724
hFF6,POLYSORBATE 80 STANDARD,17.431,6.2
hFF6,POLYSORBATE 80 STANDARD,7.068,4.947
hFF6,POLYSORBATE 80 STANDARD,9.895,4.947
hFF6,POLYSORBATE 80 STANDARD,12.866,3.486
hFF6,POLYSORBATE 80 STANDARD,9.678,4.059
hFF6,POLYSORBATE 80 STANDARD,6.361,2.827
hFF6,POLYSORBATE 80 STANDARD,4.241,2.827
hFF6,POLYVINYLFORMAL,20.229,8.218
hFF6,TEFLON,47.299,26.695
hFF6,TEFLON,9.188,8.481
hFF6,TEFLON,12.807,5.383
hFF6,TEFLON,4.998,2.999
hFF6,TEFLON,2.999,2.999
hFF6,TEFLON,3.534,2.12
hFF6,TEFLON,5.364,2.235
hFF6,"VISTALON 8510, COPOLYMER EPDM TYPE",4.917,2.235
hFF7,Cellulose Acetate 4. White Fiber,18.75,8.523
hFF7,Cellulose Acetate 4. White Fiber,7.264,2.906
hFF7,COLOR MASTERBATCH POLY[ETHYLENE-CO-(VINYL ACETATE)] + 45% YELLOW PIGMENT #3,12.572,11.524
hFF7,COLOR MASTERBATCH POLY[ETHYLENE-CO-(VINYL ACETATE)] + 45% YELLOW PIGMENT #3,7.334,6.286
hFF7,Poly(vinyl ethyl ether),5.238,3.143
hFF7,POLY[(ACRYLIC ACID):(BUTYL ACRYLATE):(METHACRYL AMIDE):STYRENE],16.298,14.816
hFF7,POLYALKYLBENZENE,6.286,4.191
hFF7,Polyamide 2. White Pellet,12.001,4.445
hFF7,Polyamide 2. White Pellet,10.371,4.445
hFF7,Polyamide 2. White Pellet,5.926,2.222
hFF7,POLYETHYLENE GLYCOL 200,7.334,6.286
hFF7,POLYETHYLENE GLYCOL 400,5.186,2.222
hFF7,Polyethylene Terephthalate 8. Clear Juice Bottle,6.286,6.286
hFF7,POLYOXYETHYLENE(10) OCTYLPHENYL ETHER,22.387,5.457
hFF7,Polypropylene 23. Purple Container Lid,32.56,12.484
hFF7,POLYSORBATE 80 STANDARD,5.301,2.982
hFF7,POLYSORBATE 80 STANDARD,6.286,3.143
hFF7,POLYVINYLFORMAL,3.143,3.143